回数,計算時間,評価値,最大連勤違反,最小連勤違反,最小連休違反,週末最大違反,休暇希望違反,最大勤務数違反,最大勤務時間違反, 最小勤務時間違反,禁止勤務パターン数,ONリクエスト,OFFリクエスト,人数違反
0,0.008000,5757,0,0,0,0,0,0,0,0,0,84,1,5672,
0,0.033000,5757,0,0,0,0,0,0,0,0,0,84,1,5672,
0,0.036000,5757,0,0,0,0,0,0,0,0,0,84,1,5672,
0,1.887000,5757,0,0,0,0,0,0,0,0,0,84,1,5672,
0,3.722000,5757,0,0,0,0,0,0,0,0,0,84,1,5672,
