回数,計算時間,評価値,最大連勤違反,最小連勤違反,最小連休違反,週末最大違反,休暇希望違反,最大勤務数違反,最大勤務時間違反, 最小勤務時間違反,禁止勤務パターン数,ONリクエスト,OFFリクエスト,人数違反
0,0.007000,4378,0,0,0,0,0,0,0,0,0,215,8,4155,
0,0.019000,631601,0,43,31,9,0,315,0,0,165,607,8,67986,
0,2478.093000,227827,0,11,14,2,0,131,0,0,42,538,30,27259,
0,2478.099000,227827,0,11,14,2,0,131,0,0,42,538,30,27259,
