回数,計算時間,評価値,最大連勤違反,最小連勤違反,最小連休違反,週末最大違反,休暇希望違反,最大勤務数違反,最大勤務時間違反, 最小勤務時間違反,禁止勤務パターン数,ONリクエスト,OFFリクエスト,人数違反
0,0.007000,4378,0,0,0,0,0,0,0,0,0,215,8,4155,
0,0.019000,231563,4,13,84,0,5,96,0,0,19,463,9,10091,
0,0.336000,226563,0,13,84,0,5,95,0,0,19,463,9,10091,
0,79.606000,21638,0,0,1,0,0,6,0,0,0,454,17,14167,
