回数,計算時間,評価値,最大連勤違反,最小連勤違反,最小連休違反,週末最大違反,休暇希望違反,最大勤務数違反,最大勤務時間違反, 最小勤務時間違反,禁止勤務パターン数,ONリクエスト,OFFリクエスト,人数違反
0,0.007000,4378,0,0,0,0,0,0,0,0,0,215,8,4155,
0,10.020000,19861,0,0,0,0,0,0,0,0,0,448,15,19398,
0,10.283000,19258,0,0,0,0,0,0,0,0,0,448,15,18795,
0,13.244000,16019,0,0,0,0,0,0,0,0,0,443,14,15562,
