回数,計算時間,評価値,最大連勤違反,最小連勤違反,最小連休違反,週末最大違反,休暇希望違反,最大勤務数違反,最大勤務時間違反, 最小勤務時間違反,禁止勤務パターン数,ONリクエスト,OFFリクエスト,人数違反
0,0.007000,4378,0,0,0,0,0,0,0,0,0,215,8,4155,
0,1.973000,19656,0,0,0,0,0,0,0,0,0,428,17,19211,
0,6.291000,14389,0,0,0,0,0,0,0,0,0,419,16,13954,
0,1089.691000,7465,0,0,0,0,0,0,0,0,0,369,11,7085,
0,1089.743000,7465,0,0,0,0,0,0,0,0,0,369,11,7085,
