回数,計算時間,評価値,最大連勤違反,最小連勤違反,最小連休違反,週末最大違反,休暇希望違反,最大勤務数違反,最大勤務時間違反, 最小勤務時間違反,禁止勤務パターン数,ONリクエスト,OFFリクエスト,人数違反
0,0.006000,4378,0,0,0,0,0,0,0,0,0,215,8,4155,
0,87.596000,631601,0,43,31,9,0,315,0,0,165,607,8,67986,
0,167.578000,210838,0,4,12,3,4,122,0,0,45,566,12,20260,
0,170.309000,16750,0,0,0,0,0,0,0,0,0,541,12,16197,
0,1702.047000,7385,0,0,0,0,0,0,0,0,0,491,7,6887,
