回数,計算時間,評価値,最大連勤違反,最小連勤違反,最小連休違反,週末最大違反,休暇希望違反,最大勤務数違反,最大勤務時間違反, 最小勤務時間違反,禁止勤務パターン数,ONリクエスト,OFFリクエスト,人数違反
0,0.007000,4378,0,0,0,0,0,0,0,0,0,215,8,4155,
0,3.817000,19656,0,0,0,0,0,0,0,0,0,428,17,19211,
0,8.259000,14389,0,0,0,0,0,0,0,0,0,419,16,13954,
0,43.428000,10539,0,0,0,0,0,0,0,0,0,403,13,10123,
0,44.315000,10125,0,0,0,0,0,0,0,0,0,397,13,9715,
