回数,計算時間,評価値,最大連勤違反,最小連勤違反,最小連休違反,週末最大違反,休暇希望違反,最大勤務数違反,最大勤務時間違反, 最小勤務時間違反,禁止勤務パターン数,ONリクエスト,OFFリクエスト,人数違反
0,0.008000,4378,0,0,0,0,0,0,0,0,0,215,8,4155,
0,0.021000,245852,0,37,48,0,0,143,0,0,5,447,5,12400,
0,1138.059000,34215,0,1,15,0,0,10,0,0,0,411,9,7795,
0,2212.693000,24167,0,1,15,0,0,3,0,0,0,396,9,4762,
0,2213.042000,24162,0,1,15,0,0,3,0,0,0,393,9,4760,
