回数,計算時間,評価値,最大連勤違反,最小連勤違反,最小連休違反,週末最大違反,休暇希望違反,最大勤務数違反,最大勤務時間違反, 最小勤務時間違反,禁止勤務パターン数,ONリクエスト,OFFリクエスト,人数違反
0,0.024000,4378,0,0,0,0,0,0,0,0,0,215,8,4155,
0,0.040000,245852,0,37,48,0,0,143,0,0,5,447,5,12400,
0,394.788000,30521,0,0,14,0,0,4,0,0,0,456,8,12057,
0,1440.985000,20181,0,0,11,0,0,3,0,0,0,394,6,5781,
0,1441.357000,20175,0,0,11,0,0,3,0,0,0,391,6,5778,
