回数,計算時間,評価値,最大連勤違反,最小連勤違反,最小連休違反,週末最大違反,休暇希望違反,最大勤務数違反,最大勤務時間違反, 最小勤務時間違反,禁止勤務パターン数,ONリクエスト,OFFリクエスト,人数違反
0,0.019000,4378,0,0,0,0,0,0,0,0,0,215,8,4155,
0,0.031000,631601,0,43,31,9,0,315,0,0,165,607,8,67986,
0,374.342000,23894,0,0,0,0,0,0,0,0,0,483,19,23392,
0,398.975000,15965,0,0,0,0,0,0,0,0,0,465,14,15486,
0,398.978000,15965,0,0,0,0,0,0,0,0,0,465,14,15486,
0,2157.338000,7343,0,0,0,0,0,0,0,0,0,442,14,6887,
0,2158.161000,7336,0,0,0,0,0,0,0,0,0,439,14,6883,
