回数,計算時間,評価値,最大連勤違反,最小連勤違反,最小連休違反,週末最大違反,休暇希望違反,最大勤務数違反,最大勤務時間違反, 最小勤務時間違反,禁止勤務パターン数,ONリクエスト,OFFリクエスト,人数違反
0,0.022000,4378,0,0,0,0,0,0,0,0,0,215,8,4155,
0,0.038000,245852,0,37,48,0,0,143,0,0,5,447,5,12400,
0,587.378000,18681,0,0,3,0,0,5,0,0,0,445,7,10229,
0,1638.233000,11491,0,0,3,0,0,2,0,0,0,405,8,6078,
0,1638.618000,11485,0,0,3,0,0,2,0,0,0,404,7,6074,
