回数,計算時間,評価値,最大連勤違反,最小連勤違反,最小連休違反,週末最大違反,休暇希望違反,最大勤務数違反,最大勤務時間違反, 最小勤務時間違反,禁止勤務パターン数,ONリクエスト,OFFリクエスト,人数違反
0,0.007000,4378,0,0,0,0,0,0,0,0,0,215,8,4155,
0,0.018000,631601,0,43,31,9,0,315,0,0,165,607,8,67986,
0,79.757000,23248,0,0,0,0,0,0,0,0,0,452,23,22773,
0,85.981000,16241,0,0,0,0,0,0,0,0,0,436,21,15784,
0,85.983000,16241,0,0,0,0,0,0,0,0,0,436,21,15784,
0,1041.573000,8222,0,0,0,0,0,0,0,0,0,407,20,7795,
0,1041.852000,8218,0,0,0,0,0,0,0,0,0,405,20,7793,
