回数,計算時間,評価値,最大連勤違反,最小連勤違反,最小連休違反,週末最大違反,休暇希望違反,最大勤務数違反,最大勤務時間違反, 最小勤務時間違反,禁止勤務パターン数,ONリクエスト,OFFリクエスト,人数違反
0,0.008000,4378,0,0,0,0,0,0,0,0,0,215,8,4155,
0,0.023000,245852,0,37,48,0,0,143,0,0,5,447,5,12400,
0,1108.182000,60781,0,3,35,0,0,7,0,0,0,471,22,15288,
0,2182.663000,30465,0,1,22,0,0,2,0,0,0,396,6,5063,
0,2183.065000,30459,0,1,22,0,0,2,0,0,0,392,5,5062,
